{
  "name": "Comment form",
  "created": "2014-11-25T10:40:19.605+01:00",
  "pages": [
    {
      "fieldSets": [
        {
          "caption": null,
          "sortOrder": 0,
          "id": "00000000-0000-0000-0000-000000000000",
          "page": "00000000-0000-0000-0000-000000000000",
          "containers": [
            {
              "caption": null,
              "width": 12,
              "fields": [
                {
                  "caption": "Name",
                  "tooltip": null,
                  "placeholder": null,
                  "cssClass": null,
                  "alias": "name",
                  "id": "8eb355c3-ad0c-4037-8005-2c102378af24",
                  "fieldTypeId": "3f92e01b-29e2-4a30-bf33-9df5580ed52c",
                  "prevalueSourceId": "00000000-0000-0000-0000-000000000000",
                  "dataSourceFieldKey": null,
                  "mandatory": true,
                  "regex": null,
                  "requiredErrorMessage": null,
                  "invalidErrorMessage": null,
                  "condition": null,
                  "settings": {
                    "DefaultValue": ""
                  },
                  "preValues": []
                },
                {
                  "caption": "Email",
                  "tooltip": null,
                  "placeholder": null,
                  "cssClass": null,
                  "alias": "email",
                  "id": "391d2431-5de3-4614-8da0-96f835bddc2a",
                  "fieldTypeId": "3f92e01b-29e2-4a30-bf33-9df5580ed52c",
                  "prevalueSourceId": "00000000-0000-0000-0000-000000000000",
                  "dataSourceFieldKey": null,
                  "mandatory": true,
                  "regex": "^[_a-z0-9-]+(\\.[_a-z0-9-]+)*@[a-z0-9-]+(\\.[a-z0-9-]+)*(\\.[a-z]{2,4})$",
                  "requiredErrorMessage": null,
                  "invalidErrorMessage": null,
                  "condition": null,
                  "settings": {
                    "DefaultValue": ""
                  },
                  "preValues": []
                },
                {
                  "caption": "Comment",
                  "tooltip": null,
                  "placeholder": null,
                  "cssClass": null,
                  "alias": "comment",
                  "id": "7259baad-caa7-46a3-b506-1ced1e749b47",
                  "fieldTypeId": "023f09ac-1445-4bcb-b8fa-ab49f33bd046",
                  "prevalueSourceId": "00000000-0000-0000-0000-000000000000",
                  "dataSourceFieldKey": null,
                  "mandatory": true,
                  "regex": null,
                  "requiredErrorMessage": null,
                  "invalidErrorMessage": null,
                  "condition": null,
                  "settings": {
                    "DefaultValue": ""
                  },
                  "preValues": []
                }
              ]
            }
          ]
        }
      ],
      "caption": "Your comment",
      "sortOrder": 0,
      "id": "00000000-0000-0000-0000-000000000000",
      "form": "00000000-0000-0000-0000-000000000000"
    }
  ],
  "id": "c4d184f7-cd28-47f7-b3f7-c2637f7aa937",
  "fieldIndicationType": "MarkMandatoryFields",
  "indicator": "*",
  "showValidationSummary": false,
  "hideFieldValidation": false,
  "requiredErrorMessage": "Please provide a value for {0}",
  "invalidErrorMessage": "Please provide a valid value for {0}",
  "messageOnSubmit": "Thank you",
  "goToPageOnSubmit": 0,
  "xPathOnSubmit": null,
  "manualApproval": false,
  "storeRecordsLocally": true,
  "cssClass": null,
  "disableDefaultStylesheet": false,
  "useClientDependency": false,
  "workflows": [],
  "datasource": null,
  "submitLabel": "Submit",
  "nextLabel": "Next",
  "prevLabel": "Previous"
}